"","X","dem_age","dem_gender","dem_ethnicity","dem_employment","dem_education","car_ownership","bike_ownership","bikeshare_use","bike_to_work","dest_parking","cycling_frequ","cycling_history","cycle_frequ_history","maintenance","escort","use_cycleway","use_cycleway_frequ","route_change","perception_safety","perception_speed","perception_stress","perception_safety2","perception_speed2","perception_stress2","leave_cycleway","car_changes","walk_changes","perception_safety_all","perception_speed_all","perception_stress_all","purpose_dummy","safety_gear_dummy","x_purpose_work","x_purpose_shopping","x_purpose_hobby","x_purpose_social","x_purpose_leisure","x_purpose_multi-mode","x_purpose_other","x_purpose_education","x_safety_gear_2","x_safety_gear_0","x_safety_gear_1","x_safety_gear_4","x_safety_gear_3","x_leave_reason_NA","x_leave_reason_cyclists","x_leave_reason_trafficlight","x_leave_reason_roadquality","x_leave_reason_pedestrians","x_leave_reason_roadside","x_leave_reason_other","x_leave_reason_busstop","x_leave_reason_intersection","x_stress_source_car","x_stress_source_intersection","x_stress_source_cyclist","x_stress_source_bus","x_stress_source_pedestrian","x_primary_purpose_work","x_primary_purpose_leisure","x_primary_purpose_shopping","x_primary_purpose_other","x_primary_purpose_social","x_primary_purpose_education","x_primary_purpose_hobby","x_primary_purpose_multi-mode"
"1",1,5,1,1,2,4,2,1,1,1,2,3,5,NA,2,2,1,0,2,2,2,-2,NA,NA,NA,0,-1,-1,2,2,-2,5,1,1,1,1,1,1,0,0,0,1,0,0,0,0,1,0,0,0,0,0,0,0,0,1,0,0,0,0,1,0,0,0,0,0,0,0
"2",2,4,1,1,NA,4,2,1,1,0,2,2,5,NA,2,0,1,2,2,2,-1,-2,NA,NA,NA,0,NA,NA,2,-1,-2,2,1,0,0,0,0,1,1,0,0,0,1,0,0,0,1,0,0,0,0,0,0,0,0,1,0,0,0,0,0,1,0,0,0,0,0,0
"3",3,3,1,1,2,4,2,1,1,1,2,2,5,NA,2,2,1,2,0,2,-1,-1,NA,NA,NA,1,-1,-2,2,-1,-1,2,2,1,0,0,0,1,0,0,0,1,0,1,0,0,0,1,1,0,0,0,0,0,0,1,0,0,0,0,1,0,0,0,0,0,0,0
"4",4,2,0,1,2,4,0,1,1,0,1,3,3,NA,0,0,1,0,1,NA,NA,NA,NA,NA,NA,0,NA,NA,NA,NA,NA,4,3,1,0,1,1,1,0,0,0,1,0,1,1,0,0,0,1,1,1,1,0,0,0,1,0,0,0,0,1,0,0,0,0,0,0,0
"5",5,3,0,1,2,4,2,1,0,1,2,3,5,NA,2,0,1,2,0,-1,-1,-1,NA,NA,NA,1,NA,-2,-1,-1,-1,5,3,1,1,1,1,1,0,0,0,1,0,1,0,1,0,0,1,1,0,1,0,0,0,1,0,0,0,0,0,1,0,0,0,0,0,0
"6",6,5,1,1,2,4,3,1,0,0,2,2,5,NA,2,0,1,2,0,2,-1,-1,NA,NA,NA,0,-2,NA,2,-1,-1,2,4,1,0,0,0,1,0,0,0,1,0,1,1,1,1,0,0,0,0,0,0,0,0,1,0,0,0,0,1,0,0,0,0,0,0,0
"7",7,3,1,1,2,4,2,1,0,1,0,2,5,NA,2,0,1,2,2,2,-1,-2,NA,NA,NA,0,NA,NA,2,-1,-2,2,4,1,0,0,1,0,0,0,0,1,0,1,1,1,1,0,0,0,0,0,0,0,0,1,0,0,0,0,1,0,0,0,0,0,0,0
"8",8,3,1,1,1,4,0,1,0,0,1,2,5,NA,2,0,1,0,2,-1,-2,-1,NA,NA,NA,1,NA,NA,-1,-2,-1,4,2,0,1,0,1,1,1,0,0,1,0,1,0,0,0,0,0,0,1,0,0,0,0,1,0,0,0,0,0,0,1,0,0,0,0,0
"9",9,4,0,1,2,4,1,1,0,0,2,3,5,NA,2,0,1,1,0,2,2,-2,NA,NA,NA,0,NA,NA,2,2,-2,2,3,1,0,0,0,0,0,1,0,1,0,1,0,1,1,0,0,0,0,0,0,0,0,1,0,0,0,0,0,0,0,1,0,0,0,0
"10",10,4,1,1,2,4,2,1,1,1,2,3,5,NA,2,2,1,3,0,2,-2,-1,NA,NA,NA,1,-2,-1,2,-2,-1,3,2,1,1,0,1,0,0,0,0,1,0,1,0,0,0,0,0,0,0,0,1,0,0,1,0,0,0,0,1,0,0,0,0,0,0,0
"11",11,3,0,1,2,4,2,1,1,0,2,3,5,NA,2,2,1,1,0,-1,-2,-2,NA,NA,NA,0,-1,-2,-1,-2,-2,2,2,1,0,0,1,0,0,0,0,1,0,1,0,0,1,0,0,0,0,0,0,0,0,1,0,0,0,0,1,0,0,0,0,0,0,0
"12",12,2,1,1,2,4,3,1,1,1,1,3,5,NA,2,0,1,2,0,2,-2,-2,NA,NA,NA,1,-2,2,2,-2,-2,5,1,1,1,1,1,1,0,0,0,1,0,0,0,0,0,0,0,1,0,1,1,1,0,1,0,0,0,0,0,0,0,0,1,0,0,0
"13",13,4,1,1,2,4,3,1,1,1,2,2,5,NA,2,2,1,0,1,NA,NA,NA,NA,NA,NA,0,NA,NA,NA,NA,NA,3,3,1,0,0,0,1,1,0,0,1,0,1,0,1,0,0,1,1,0,1,0,1,1,1,0,0,0,0,1,0,0,0,0,0,0,0
"14",14,6,1,1,0,4,2,1,0,1,1,3,5,NA,2,0,1,3,0,2,-1,-2,NA,NA,NA,0,NA,NA,2,-1,-2,3,4,0,1,0,1,1,0,0,0,1,0,1,1,1,1,0,0,0,0,0,0,0,0,1,0,0,0,0,0,0,0,0,1,0,0,0
"15",15,4,0,1,2,4,1,1,1,1,1,3,5,NA,2,0,1,1,0,-1,-2,-1,NA,NA,NA,1,NA,NA,-1,-2,-1,4,3,1,1,0,1,1,0,0,0,1,0,1,1,0,0,0,0,0,0,1,0,0,1,0,1,0,0,0,0,0,1,0,0,0,0,0
"16",16,4,0,1,2,4,2,1,0,0,1,3,5,NA,2,2,1,0,2,-1,-1,-1,NA,NA,NA,1,NA,NA,-1,-1,-1,3,2,1,1,0,1,0,0,0,0,1,0,0,0,1,0,0,0,0,0,0,0,1,1,0,1,0,0,0,1,0,0,0,0,0,0,0
"17",17,5,1,1,0,4,2,1,0,1,2,3,5,NA,2,0,1,2,0,-1,-2,-1,NA,NA,NA,1,-1,-1,-1,-2,-1,6,1,0,1,1,1,1,1,0,1,0,1,0,0,0,0,0,1,1,0,1,0,1,1,1,0,0,0,0,0,0,0,0,1,0,0,0
"18",18,2,0,1,2,4,3,1,0,0,1,0,NA,0,2,0,1,0,1,NA,NA,NA,NA,NA,NA,0,NA,NA,NA,NA,NA,1,3,0,0,0,0,1,0,0,0,1,0,1,0,1,0,0,0,0,0,0,1,0,0,1,0,0,0,0,NA,NA,NA,NA,NA,NA,NA,NA
"19",19,3,1,1,2,4,0,1,1,1,2,1,5,NA,2,0,1,0,2,-1,-2,-1,NA,NA,NA,1,NA,-1,-1,-2,-1,4,2,1,0,1,1,1,0,0,0,1,0,1,0,0,0,0,0,0,0,1,0,0,1,0,1,0,0,0,0,1,0,0,0,0,0,0
"20",20,2,1,1,2,4,2,1,0,0,2,2,5,NA,2,0,1,2,2,2,2,-2,NA,NA,NA,0,NA,NA,2,2,-2,3,1,1,1,0,1,0,0,0,0,1,0,0,0,0,1,0,0,0,0,0,0,0,0,1,0,0,0,0,1,0,0,0,0,0,0,0
"21",21,6,1,1,NA,4,2,1,0,0,NA,2,5,NA,2,0,1,1,2,2,-2,-1,NA,NA,NA,0,NA,NA,2,-2,-1,1,3,0,0,0,0,1,0,0,0,1,0,1,0,1,1,0,0,0,0,0,0,0,0,1,0,0,0,0,NA,NA,NA,NA,NA,NA,NA,NA
"22",22,3,0,1,2,4,0,1,0,0,1,3,5,NA,2,2,1,2,2,2,-2,-2,NA,NA,NA,0,NA,-1,2,-2,-2,6,3,1,1,1,1,1,1,0,0,1,0,1,1,0,1,0,0,0,0,0,0,0,0,1,0,0,0,0,1,0,0,0,0,0,0,0
"23",23,5,0,1,1,4,2,1,0,1,0,3,4,NA,2,0,1,2,3,NA,NA,NA,2,2,-2,1,NA,NA,2,2,-2,5,4,1,1,1,1,1,0,0,0,1,0,1,1,1,0,0,1,0,0,0,0,0,0,1,0,0,0,0,0,0,0,0,1,0,0,0
"24",24,3,0,1,2,4,3,1,0,NA,0,2,5,NA,2,2,1,3,3,NA,NA,NA,2,-1,-2,0,NA,NA,2,-1,-2,1,3,1,0,0,0,0,0,0,0,1,0,1,0,1,1,0,0,0,0,0,0,0,0,1,0,0,0,0,NA,NA,NA,NA,NA,NA,NA,NA
"25",25,4,0,1,2,4,2,1,0,1,2,3,5,NA,2,2,1,3,0,2,-1,-1,NA,NA,NA,1,-2,2,2,-1,-1,4,2,1,1,1,1,0,0,0,0,1,0,1,0,0,0,0,1,0,1,0,1,0,0,1,0,0,0,0,1,0,0,0,0,0,0,0
"26",26,3,1,1,2,4,3,1,0,0,1,3,3,NA,2,0,1,3,0,-1,-1,-1,NA,NA,NA,0,NA,NA,-1,-1,-1,4,2,1,1,0,1,1,0,0,0,1,0,0,1,0,0,0,0,0,0,0,1,0,0,0,0,1,0,0,1,0,0,0,0,0,0,0
"27",27,2,1,1,2,4,0,0,0,0,2,0,NA,1,2,0,0,NA,NA,NA,NA,NA,NA,NA,NA,NA,NA,-2,NA,NA,NA,1,2,0,0,0,0,1,0,0,0,1,0,1,0,0,1,0,0,0,0,0,0,0,0,NA,NA,NA,NA,NA,NA,NA,NA,NA,NA,NA,NA,NA
"28",28,4,1,1,2,4,2,1,0,1,2,0,NA,1,0,2,1,0,2,2,2,-2,NA,NA,NA,0,-2,-1,2,2,-2,2,4,1,0,0,0,1,0,0,0,1,0,1,1,1,1,0,0,0,0,0,0,0,0,1,0,0,0,0,1,0,0,0,0,0,0,0
"29",29,3,1,1,2,4,3,1,1,0,1,2,5,NA,2,2,1,2,0,2,-1,-2,NA,NA,NA,0,NA,NA,2,-1,-2,3,1,0,0,1,1,1,0,0,0,1,0,0,0,0,1,0,0,0,0,0,0,0,0,1,0,0,0,0,0,0,0,0,1,0,0,0
"30",30,1,0,1,1,3,2,1,0,0,2,3,5,NA,2,0,1,0,0,2,2,-2,NA,NA,NA,0,NA,NA,2,2,-2,3,2,1,0,0,1,0,0,0,1,1,0,1,0,0,1,0,0,0,0,0,0,0,0,1,0,0,0,0,0,0,0,0,0,1,0,0
"31",31,3,1,1,2,4,0,1,1,0,1,2,5,NA,2,0,1,2,0,-1,-2,-1,NA,NA,NA,0,NA,NA,-1,-2,-1,3,4,0,1,1,0,1,0,0,0,1,0,1,1,1,1,0,0,0,0,0,0,0,0,0,0,1,0,0,0,0,0,0,0,0,1,0
"32",32,4,1,1,2,4,2,1,1,0,1,3,5,NA,2,2,1,0,0,-1,-2,-2,NA,NA,NA,1,2,2,-1,-2,-2,7,2,1,1,1,1,1,1,0,1,1,0,0,0,1,0,0,0,0,0,0,1,0,0,1,0,0,0,0,1,0,0,0,0,0,0,0
"33",33,3,1,0,2,4,2,1,0,1,2,2,1,NA,2,0,1,1,3,NA,NA,NA,-1,-2,-1,0,NA,NA,-1,-2,-1,2,4,1,0,0,1,0,0,0,0,1,0,1,1,1,1,0,0,0,0,0,0,0,0,0,0,0,1,0,1,0,0,0,0,0,0,0
"34",34,2,1,0,2,4,0,1,0,0,2,3,5,NA,2,0,1,0,0,-1,-1,-1,NA,NA,NA,1,NA,NA,-1,-1,-1,4,2,1,0,1,1,1,0,0,0,1,0,1,0,0,0,0,0,0,0,0,0,1,1,1,0,0,0,0,0,0,0,0,1,0,0,0
"35",35,2,1,1,2,4,2,1,0,1,0,2,5,NA,2,0,1,0,3,NA,NA,NA,-1,-2,-2,1,NA,NA,-1,-2,-2,7,3,1,1,1,1,1,1,0,1,1,0,1,1,0,0,1,0,1,1,0,0,1,0,0,0,0,0,1,1,0,0,0,0,0,0,0
"36",36,3,1,1,2,4,2,1,0,1,2,1,5,NA,2,2,1,1,0,2,2,-2,NA,NA,NA,0,NA,NA,2,2,-2,1,4,0,1,0,0,0,0,0,0,1,0,1,1,1,1,0,0,0,0,0,0,0,0,1,0,0,0,0,NA,NA,NA,NA,NA,NA,NA,NA
"37",37,2,1,1,2,4,1,1,1,1,2,3,4,NA,2,0,1,0,0,2,2,-2,NA,NA,NA,0,-2,-2,2,2,-2,3,3,1,0,1,1,0,0,0,0,1,0,1,0,1,1,0,0,0,0,0,0,0,0,1,0,0,0,0,1,0,0,0,0,0,0,0
"38",38,2,1,1,2,4,2,1,1,1,2,2,5,NA,2,0,1,2,0,-1,-2,2,NA,NA,NA,0,NA,NA,-1,-2,2,2,2,1,0,0,0,1,0,0,0,1,0,1,0,0,1,0,0,0,0,0,0,0,0,0,1,0,0,0,1,0,0,0,0,0,0,0
"39",39,2,1,1,2,4,3,1,1,0,2,3,5,NA,2,0,1,3,3,NA,NA,NA,2,-1,-2,1,NA,NA,2,-1,-2,5,1,1,1,0,1,1,0,0,1,1,0,0,0,0,0,1,1,1,1,0,0,0,0,1,0,0,0,0,0,0,0,0,0,0,1,0
"40",40,2,1,1,2,4,2,0,1,0,1,0,NA,0,0,0,1,0,1,NA,NA,NA,NA,NA,NA,0,NA,NA,NA,NA,NA,1,1,0,0,0,1,0,0,0,0,0,1,0,0,0,1,0,0,0,0,0,0,0,0,1,0,0,0,0,NA,NA,NA,NA,NA,NA,NA,NA
"41",41,4,1,1,2,4,2,1,0,0,1,2,2,NA,2,0,1,2,3,NA,NA,NA,2,-1,-2,0,-1,NA,2,-1,-2,3,2,0,1,1,0,1,0,0,0,1,0,1,0,0,1,0,0,0,0,0,0,0,0,1,0,0,0,0,0,1,0,0,0,0,0,0
"42",42,2,1,1,2,3,0,1,1,1,2,3,5,NA,2,0,1,0,0,2,-2,-2,NA,NA,NA,0,NA,2,2,-2,-2,4,1,1,1,1,1,0,0,0,0,1,0,0,0,0,1,0,0,0,0,0,0,0,0,1,0,0,0,0,1,0,0,0,0,0,0,0
"43",43,2,1,1,2,4,2,1,0,0,2,1,5,NA,2,0,1,1,2,-2,-1,-2,NA,NA,NA,0,NA,NA,-2,-1,-2,4,2,1,1,1,1,0,0,0,0,1,0,1,0,0,1,0,0,0,0,0,0,0,0,0,0,0,1,0,1,0,0,0,0,0,0,0
"44",44,1,1,1,1,3,0,1,1,0,2,3,4,NA,2,0,1,0,2,2,-1,-1,NA,NA,NA,1,NA,-2,2,-1,-1,4,2,1,0,0,1,0,1,0,1,1,0,0,1,0,0,0,0,1,0,0,0,0,0,1,0,0,0,0,0,0,0,0,0,1,0,0
"45",45,3,0,1,2,4,2,1,0,1,2,2,5,NA,2,0,1,2,0,2,-2,-1,NA,NA,NA,0,-2,-1,2,-2,-1,4,2,1,1,1,1,0,0,0,0,1,0,1,0,0,1,0,0,0,0,0,0,0,0,1,0,0,0,0,1,0,0,0,0,0,0,0
"46",46,4,1,1,2,4,2,1,0,0,1,3,5,NA,2,0,1,2,0,-1,-1,-1,NA,NA,NA,1,-2,-2,-1,-1,-1,4,2,1,0,0,1,1,1,0,0,1,0,0,1,0,0,1,1,0,1,1,0,1,0,0,0,1,0,0,0,0,0,0,1,0,0,0
"47",47,2,1,1,2,4,1,1,0,0,2,3,4,NA,2,0,1,0,1,NA,NA,NA,NA,NA,NA,1,NA,NA,NA,NA,NA,3,2,1,0,1,1,0,0,0,0,1,0,1,0,0,0,0,1,0,0,0,0,0,0,0,1,0,0,0,1,0,0,0,0,0,0,0
"48",48,3,0,1,2,4,0,1,0,1,2,0,NA,1,2,0,1,0,0,-1,-1,-1,NA,NA,NA,1,NA,NA,-1,-1,-1,2,3,1,0,0,0,1,0,0,0,1,0,0,1,1,0,0,0,1,0,0,1,0,0,1,0,0,0,0,1,0,0,0,0,0,0,0
"49",49,2,1,1,2,4,3,1,0,1,2,2,5,NA,2,0,1,0,0,2,-1,-1,NA,NA,NA,0,NA,NA,2,-1,-1,4,4,0,1,1,1,1,0,0,0,1,0,1,1,1,1,0,0,0,0,0,0,0,0,1,0,0,0,0,0,0,0,0,0,0,1,0
"50",50,3,1,1,2,4,2,1,0,1,2,2,5,NA,2,2,1,0,0,-1,-1,-1,NA,NA,NA,1,-1,-1,-1,-1,-1,3,3,0,1,1,0,1,0,0,0,1,0,1,0,1,0,0,0,1,0,0,0,0,0,1,0,0,0,0,0,1,0,0,0,0,0,0
"51",51,3,1,1,2,4,2,1,0,1,2,1,5,NA,2,2,1,1,0,-1,-1,-2,NA,NA,NA,0,NA,NA,-1,-1,-2,3,3,1,0,0,1,1,0,0,0,1,0,1,0,1,1,0,0,0,0,0,0,0,0,0,0,0,0,1,1,0,0,0,0,0,0,0
"52",52,2,1,0,NA,4,0,0,1,0,1,3,1,NA,0,0,1,0,1,NA,NA,NA,NA,NA,NA,1,NA,NA,NA,NA,NA,4,1,1,0,0,1,1,0,0,1,0,1,0,0,0,0,0,0,1,1,1,0,1,1,1,0,0,0,0,1,0,0,0,0,0,0,0
"53",53,3,1,1,2,4,1,1,1,1,2,3,5,NA,2,0,1,3,0,2,-1,-1,NA,NA,NA,0,NA,NA,2,-1,-1,5,1,1,1,1,1,1,0,0,0,1,0,0,0,0,1,0,0,0,0,0,0,0,0,1,0,0,0,0,1,0,0,0,0,0,0,0
"54",54,4,1,1,2,4,0,1,1,1,2,2,5,NA,2,0,1,0,2,2,-2,-2,NA,NA,NA,1,NA,NA,2,-2,-2,3,3,1,0,0,1,1,0,0,0,1,0,1,0,1,0,0,1,0,0,0,0,0,0,1,0,0,0,0,1,0,0,0,0,0,0,0
"55",55,3,1,1,2,4,2,1,0,1,2,1,5,NA,2,0,1,1,0,2,-1,-2,NA,NA,NA,1,NA,NA,2,-1,-2,1,4,1,0,0,0,0,0,0,0,1,0,1,1,1,0,0,1,0,0,0,1,0,0,1,0,0,0,0,NA,NA,NA,NA,NA,NA,NA,NA
"56",56,2,1,1,2,4,2,1,0,1,2,2,4,NA,2,0,1,0,0,-2,-2,-1,NA,NA,NA,1,2,2,-2,-2,-1,2,3,0,0,0,1,1,0,0,0,1,0,1,1,0,0,1,0,1,1,0,0,0,0,0,0,1,0,0,0,1,0,0,0,0,0,0
"57",57,2,1,1,2,4,2,0,1,1,2,2,5,NA,2,0,1,2,0,-1,-2,-1,NA,NA,NA,0,NA,NA,-1,-2,-1,2,4,1,0,0,0,0,1,0,0,1,0,1,1,1,1,0,0,0,0,0,0,0,0,0,0,1,0,0,0,0,0,0,0,0,0,1
"58",58,5,NA,1,2,4,2,1,0,1,2,0,NA,1,2,0,1,0,0,-1,-1,-2,NA,NA,NA,0,-1,2,-1,-1,-2,2,2,1,0,0,0,1,0,0,0,0,0,0,1,1,0,0,0,1,0,1,0,1,0,0,0,1,0,0,0,1,0,0,0,0,0,0
"59",59,3,1,1,2,4,2,0,1,0,2,1,1,NA,0,0,0,NA,NA,NA,NA,NA,NA,NA,NA,NA,NA,NA,NA,NA,NA,1,2,1,0,0,0,0,0,0,0,1,0,1,0,0,1,0,0,0,0,0,0,0,0,NA,NA,NA,NA,NA,NA,NA,NA,NA,NA,NA,NA,NA
"60",60,2,0,1,2,4,2,1,0,0,2,2,5,NA,2,0,1,1,3,NA,NA,NA,-1,-1,-1,1,-1,-2,-1,-1,-1,3,2,1,1,1,0,0,0,0,0,1,0,0,1,0,0,0,0,1,0,1,0,0,1,0,0,0,1,0,1,0,0,0,0,0,0,0
"61",61,3,1,1,2,4,2,1,0,1,2,3,5,NA,2,0,1,2,0,-2,-2,-1,NA,NA,NA,1,NA,NA,-2,-2,-1,3,2,1,0,1,1,0,0,0,0,1,0,1,0,0,0,1,0,0,0,0,0,0,1,1,0,0,0,0,1,0,0,0,0,0,0,0
"62",62,2,0,1,2,4,2,1,1,1,2,3,4,NA,2,0,1,3,2,2,-1,-2,NA,NA,NA,1,NA,NA,2,-1,-2,5,3,1,1,1,1,1,0,0,0,1,0,1,0,1,0,0,1,0,0,0,0,0,0,0,0,1,0,0,0,0,0,0,1,0,0,0
"63",63,2,1,1,2,4,3,1,0,1,2,3,5,NA,2,0,1,3,0,-1,-1,-1,NA,NA,NA,1,NA,-2,-1,-1,-1,2,2,1,0,1,0,0,0,0,0,1,0,1,0,0,0,0,1,0,0,0,0,0,0,1,0,0,0,0,1,0,0,0,0,0,0,0
"64",64,3,1,1,2,4,2,1,0,1,2,3,4,NA,2,2,1,2,3,NA,NA,NA,2,-1,-2,0,NA,NA,2,-1,-2,3,4,1,0,1,0,1,0,0,0,1,0,1,1,1,1,0,0,0,0,0,0,0,0,1,0,0,0,0,1,0,0,0,0,0,0,0
"65",65,3,1,1,2,3,1,1,0,1,2,3,4,NA,2,0,1,3,0,2,-2,-1,NA,NA,NA,0,2,2,2,-2,-1,3,4,1,1,0,0,1,0,0,0,1,0,1,1,1,1,0,0,0,0,0,0,0,0,1,0,0,0,0,1,0,0,0,0,0,0,0
"66",66,4,1,1,NA,4,1,1,0,0,2,3,5,NA,2,0,1,3,1,NA,NA,NA,NA,NA,NA,1,NA,NA,NA,NA,NA,2,2,0,1,0,0,1,0,0,0,1,0,1,0,0,0,0,1,0,0,0,0,0,0,1,0,0,0,0,0,1,0,0,0,0,0,0
"67",67,2,1,1,2,4,0,0,1,0,1,3,4,NA,0,0,1,0,3,NA,NA,NA,2,2,-1,0,NA,NA,2,2,-1,3,1,1,0,0,1,0,1,0,0,0,0,1,0,0,1,0,0,0,0,0,0,0,0,1,0,0,0,0,1,0,0,0,0,0,0,0
"68",68,3,1,1,2,4,3,1,0,1,2,1,5,NA,2,0,1,0,0,-1,-2,-1,NA,NA,NA,1,-2,-2,-1,-2,-1,2,2,1,0,0,0,1,0,0,0,1,0,1,0,0,0,0,0,1,0,0,1,0,0,1,0,0,0,0,1,0,0,0,0,0,0,0
"69",69,2,1,1,2,4,2,1,0,1,2,1,4,NA,2,0,1,1,0,-1,-2,-1,NA,NA,NA,1,-1,-2,-1,-2,-1,3,3,1,0,0,1,1,0,0,0,1,0,1,0,1,0,1,1,0,0,0,0,0,0,1,0,0,0,0,1,0,0,0,0,0,0,0
"70",70,3,1,0,2,4,2,1,0,0,1,2,5,NA,2,0,1,0,3,NA,NA,NA,-2,-2,2,1,NA,NA,-2,-2,2,1,2,1,0,0,0,0,0,0,0,1,0,1,0,0,0,1,1,0,1,0,0,1,0,0,0,1,0,0,NA,NA,NA,NA,NA,NA,NA,NA
"71",71,4,0,1,2,4,2,1,1,1,2,3,5,NA,2,0,1,1,2,2,-1,-2,NA,NA,NA,0,NA,NA,2,-1,-2,4,1,0,1,1,1,1,0,0,0,1,0,0,0,0,1,0,0,0,0,0,0,0,0,1,0,0,0,0,0,0,0,0,0,0,1,0
"72",72,2,1,1,2,4,0,1,1,0,1,2,3,NA,2,0,1,0,0,2,-1,-1,NA,NA,NA,1,NA,NA,2,-1,-1,4,1,0,1,1,1,1,0,0,0,0,0,0,1,0,0,1,0,0,0,0,0,0,0,1,0,0,0,0,0,0,0,0,1,0,0,0
"73",73,2,1,1,2,4,0,1,0,1,2,2,3,NA,2,0,1,0,3,NA,NA,NA,-1,-1,-1,1,NA,NA,-1,-1,-1,5,3,1,1,1,1,1,0,0,0,1,0,1,1,0,0,1,0,0,1,0,0,0,0,1,0,0,0,0,0,0,0,0,0,0,1,0
"74",74,3,1,1,2,4,2,1,0,1,2,3,5,NA,2,2,1,3,0,-1,-1,-1,NA,NA,NA,1,-1,NA,-1,-1,-1,5,2,1,1,1,1,1,0,0,0,1,0,1,0,0,0,1,0,0,1,0,0,0,0,0,0,0,0,1,1,0,0,0,0,0,0,0
"75",75,2,1,1,2,4,2,1,0,1,2,3,4,NA,2,0,1,2,1,NA,NA,NA,NA,NA,NA,0,NA,NA,NA,NA,NA,5,1,1,1,1,1,0,1,0,0,1,0,0,0,0,1,0,0,0,0,0,0,0,0,1,0,0,0,0,0,0,0,0,1,0,0,0
"76",76,3,0,1,2,4,2,1,0,1,2,2,5,NA,2,0,1,2,0,2,-1,-1,NA,NA,NA,0,NA,NA,2,-1,-1,4,1,1,0,0,1,1,0,0,1,1,0,0,0,0,1,0,0,0,0,0,0,0,0,1,0,0,0,0,1,0,0,0,0,0,0,0
"77",77,3,0,1,1,3,0,0,1,0,0,1,1,NA,0,0,1,0,1,NA,NA,NA,NA,NA,NA,0,NA,NA,NA,NA,NA,1,1,0,0,0,0,1,0,0,0,0,0,1,0,0,0,0,0,0,1,1,0,0,1,1,0,0,0,0,NA,NA,NA,NA,NA,NA,NA,NA
"78",78,2,1,1,2,4,2,1,1,0,1,2,5,NA,2,0,1,1,2,2,-2,-1,NA,NA,NA,0,NA,NA,2,-2,-1,5,3,1,1,1,1,1,0,0,0,1,0,1,0,1,0,0,0,1,0,0,0,1,1,0,1,0,0,0,1,0,0,0,0,0,0,0
"79",79,3,1,1,0,4,2,1,0,0,NA,1,5,NA,2,0,1,0,0,-1,-2,-2,NA,NA,NA,0,NA,NA,-1,-2,-2,1,2,0,0,0,0,1,0,0,0,0,0,1,1,0,1,0,0,0,0,0,0,0,0,1,0,0,0,0,NA,NA,NA,NA,NA,NA,NA,NA
"80",80,2,1,1,2,4,3,1,1,0,2,3,4,NA,2,0,1,3,3,NA,NA,NA,2,-1,-2,1,NA,-1,2,-1,-2,6,1,1,1,1,1,1,1,0,0,1,0,0,0,0,0,0,1,0,0,0,1,1,1,1,0,0,0,0,1,0,0,0,0,0,0,0
"81",81,4,1,1,2,4,2,1,0,1,2,2,5,NA,2,0,1,0,2,2,-1,-1,NA,NA,NA,1,-1,2,2,-1,-1,2,3,1,0,0,0,1,0,0,0,1,0,1,1,0,0,0,0,0,0,0,0,1,1,0,0,0,0,1,1,0,0,0,0,0,0,0
"82",82,2,1,1,2,4,2,1,0,0,2,3,3,NA,0,2,1,3,3,NA,NA,NA,-1,-1,-1,0,NA,NA,-1,-1,-1,2,1,1,0,0,1,0,0,0,0,0,0,1,0,0,0,1,0,1,1,0,0,1,0,1,0,0,0,0,1,0,0,0,0,0,0,0
"83",83,1,0,1,2,4,0,1,0,0,2,3,2,NA,0,0,1,0,1,NA,NA,NA,NA,NA,NA,0,NA,NA,NA,NA,NA,4,2,0,1,1,0,1,0,0,1,1,0,1,0,0,0,0,1,0,0,0,0,1,0,0,1,0,0,0,0,0,0,0,0,1,0,0
"84",84,3,1,1,2,4,3,1,0,1,2,2,5,NA,2,0,1,1,0,-1,-1,-1,NA,NA,NA,1,-1,2,-1,-1,-1,3,4,1,0,1,0,0,1,0,0,1,0,1,1,1,0,1,0,0,0,1,0,1,0,1,0,0,0,0,1,0,0,0,0,0,0,0
"85",85,4,1,1,2,4,2,1,1,1,1,2,5,NA,2,2,1,2,0,2,-1,-1,NA,NA,NA,0,-1,-1,2,-1,-1,4,3,1,1,1,0,1,0,0,0,1,0,1,1,0,1,0,0,0,0,0,0,0,0,1,0,0,0,0,1,0,0,0,0,0,0,0
"86",86,4,1,1,2,4,2,1,0,1,NA,2,5,NA,2,0,1,0,0,-1,-2,-2,NA,NA,NA,1,NA,NA,-1,-2,-2,2,3,0,0,1,0,1,0,0,0,1,0,1,0,1,0,0,1,0,0,1,0,1,0,1,0,0,0,0,0,1,0,0,0,0,0,0
"87",87,4,1,1,2,4,2,1,1,1,2,3,5,NA,2,2,1,3,2,2,-1,-2,NA,NA,NA,1,NA,NA,2,-1,-2,5,3,1,1,1,1,1,0,0,0,1,0,1,0,1,0,0,0,1,0,0,0,1,1,0,0,0,1,0,1,0,0,0,0,0,0,0
"88",88,1,1,1,2,4,0,1,0,0,2,2,5,NA,2,0,1,0,2,2,-1,-2,NA,NA,NA,1,NA,2,2,-1,-2,1,3,1,0,0,0,0,0,0,0,1,0,1,1,0,0,0,1,0,0,0,0,0,0,1,0,0,0,0,NA,NA,NA,NA,NA,NA,NA,NA
"89",89,2,1,0,2,4,2,0,1,0,1,1,4,NA,0,0,1,1,1,NA,NA,NA,NA,NA,NA,1,NA,NA,NA,NA,NA,5,1,1,0,1,1,1,1,0,0,0,0,0,0,1,0,0,1,0,0,1,0,1,0,0,0,0,1,0,0,0,0,0,1,0,0,0
"90",90,3,1,1,2,4,0,1,0,1,2,3,5,NA,2,0,1,2,0,-2,-2,-2,NA,NA,NA,0,NA,-2,-2,-2,-2,3,2,1,1,0,0,1,0,0,0,1,0,1,0,0,1,0,0,0,0,0,0,0,0,0,0,0,1,0,1,0,0,0,0,0,0,0
"91",91,4,1,1,2,4,2,1,1,1,2,1,5,NA,2,0,1,1,0,-1,-1,-1,NA,NA,NA,0,-1,-1,-1,-1,-1,5,1,1,1,0,1,0,1,1,0,1,0,0,0,0,1,0,0,0,0,0,0,0,0,0,1,0,0,0,1,0,0,0,0,0,0,0
"92",92,4,0,1,2,NA,3,1,0,0,2,3,5,NA,2,0,1,3,0,-1,-1,-1,NA,NA,NA,0,-2,-2,-1,-1,-1,1,3,1,0,0,0,0,0,0,0,1,0,1,0,1,1,0,0,0,0,0,0,0,0,0,1,0,0,0,NA,NA,NA,NA,NA,NA,NA,NA
